{"cameraMode":{"drawMode":0,"name":"Shaded","section":"Shading Mode"},"sceneLighting":true,"audioPlay":false,"sceneViewState":{"m_AlwaysRefresh":false,"showFog":true,"showSkybox":true,"showFlares":true,"showImageEffects":true,"showParticleSystems":true,"showVisualEffectGraphs":true,"m_FxEnabled":true},"in2DMode":false,"pivot":{"x":-2.6946723461151125,"y":1.8681936264038087,"z":-28.489450454711915},"rotation":{"x":0.08679470419883728,"y":0.6988987326622009,"z":-0.08612251281738281,"w":0.704919159412384},"size":0.32577621936798098,"orthographic":false}