{"cameraMode":{"drawMode":0,"name":"Shaded","section":"Shading Mode"},"sceneLighting":false,"audioPlay":false,"sceneViewState":{"m_AlwaysRefresh":false,"showFog":true,"showSkybox":false,"showFlares":true,"showImageEffects":true,"showParticleSystems":true,"showVisualEffectGraphs":true,"m_FxEnabled":true},"in2DMode":false,"pivot":{"x":5.960464477539063e-7,"y":0.7394314408302307,"z":0.16328883171081544},"rotation":{"x":-0.21227557957172395,"y":0.4127952754497528,"z":-0.09933996200561524,"w":-0.8802061080932617},"size":2.5058562755584719,"orthographic":false}